{
  "easy": {
    "de": "Einfach",
    "en": "Easy",
    "es": "Fácil",
    "fr": "Facile",
    "it": "Facile",
    "ko": "쉬움",
    "pt": "Fácil",
    "tr": "Kolay",
    "af": "Maklik",
    "ms": "Mudah",
    "nl": "Makkelijk",
    "ru": "Просто",
    "vn": "dễ dàng",
    "zh": "简单",
    "tw": "簡單",
    "ar": "سهل",
    "hi": "आसान",
    "id": "mudah",
    "ja": "易しい",
    "th": "ง่าย"
  },
  "medium": {
    "de": "Mittel",
    "en": "Medium",
    "es": "Intermedio",
    "fr": "Moyen",
    "it": "Medio",
    "ko": "보통",
    "pt": "Médio",
    "tr": "Orta",
    "af": "Medium",
    "ms": "Sederhana",
    "nl": "Normaal",
    "ru": "Средне",
    "vn": "Trung bình",
    "zh": "中等",
    "tw": "中等",
    "ar": "متوسط",
    "hi": "मध्यम",
    "id": "Medium",
    "ja": "普通",
    "th": "ปานกลาง"
  },
  "hard": {
    "de": "Schwer",
    "en": "Hard",
    "es": "Difícil",
    "fr": "Difficile",
    "it": "Difficile",
    "ko": "어려움",
    "pt": "Difícil",
    "tr": "Zor",
    "af": "Hard",
    "ms": "Keras",
    "nl": "Moeilijk",
    "ru": "Сложно",
    "vn": "Cứng",
    "zh": "困难",
    "tw": "困難",
    "ar": "صعب",
    "hi": "कठिन",
    "id": "Keras",
    "ja": "難しい",
    "th": "ยาก"
  },
  "veryhard": {
    "de": "Sehr schwer",
    "en": "Very Hard",
    "es": "Muy difícil",
    "fr": "Très difficile",
    "it": "Molto difficile",
    "ko": "매우 어려움",
    "pt": "Muito Difícil",
    "tr": "Çok Zor",
    "af": "Baie Hard",
    "ms": "Sangat Susah",
    "nl": "Zeer moeilijk",
    "ru": "Очень сложно",
    "vn": "Rất khó",
    "zh": "非常困难",
    "tw": "非常困難",
    "ar": "صعب جداً",
    "hi": "बहुत मुश्किल",
    "id": "Sangat Keras",
    "ja": "とても難しい",
    "th": "ยากมาก"
  },
  "insane": {
    "de": "Wahnsinn",
    "en": "Insane",
    "es": "Enfermizo",
    "fr": "Dément",
    "it": "Folle",
    "ko": "매니악",
    "pt": "Insano",
    "tr": "Akıllara Zarar",
    "af": "Gek",
    "ms": "Tidak Siuman",
    "nl": "Krankzinnig",
    "ru": "Безумно",
    "vn": "khùng",
    "zh": "疯狂",
    "tw": "瘋狂",
    "ar": "جنوني",
    "hi": "पागल",
    "id": "Gila",
    "ja": "マニアック",
    "th": "ยากสุดๆ"
  },
  "ai": {
    "de": "KI",
    "en": "A.I MODE",
    "es": "IA",
    "fr": "ordinateur",
    "it": "IA",
    "ko": "AI",
    "pt": "IA",
    "tr": "YZ",
    "af": "AI",
    "ms": "AI",
    "nl": "AI",
    "ru": "ИИ",
    "vn": "AI",
    "zh": "AI",
    "tw": "AI",
    "ar": "ذكاء صنعي",
    "hi": "AI",
    "id": "AI",
    "ja": "AI",
    "th": "AI"
  },
  "vs": {
    "de": "versus",
    "en": "versus",
    "es": "versus",
    "fr": "2 joueurs",
    "it": "versus",
    "ko": "versus",
    "pt": "versus",
    "tr": "versus",
    "af": "versus",
    "ms": "versus",
    "nl": "versus",
    "ru": "versus",
    "vn": "versus",
    "zh": "versus",
    "tw": "versus",
    "ar": "versus",
    "hi": "versus",
    "id": "versus",
    "ja": "versus",
    "th": "versus"
  },
  "player": {
    "de": "player",
    "en": "player",
    "es": "player",
    "fr": "joueur",
    "it": "player",
    "ko": "player",
    "pt": "player",
    "tr": "player",
    "af": "player",
    "ms": "player",
    "nl": "player",
    "ru": "player",
    "vn": "player",
    "zh": "player",
    "tw": "player",
    "ar": "player",
    "hi": "player",
    "id": "player",
    "ja": "player",
    "th": "player"
  },
  "com": {
    "de": "com",
    "en": "com",
    "es": "com",
    "fr": "ord",
    "it": "com",
    "ko": "com",
    "pt": "com",
    "tr": "com",
    "af": "com",
    "ms": "com",
    "nl": "com",
    "ru": "com",
    "vn": "com",
    "zh": "com",
    "tw": "com",
    "ar": "com",
    "hi": "com",
    "id": "com",
    "ja": "com",
    "th": "com"
  },
  "level": {
    "de": "LVL",
    "en": "LVL",
    "es": "LVL",
    "fr": "NIV",
    "it": "LVL",
    "ko": "LVL",
    "pt": "LVL",
    "tr": "LVL",
    "af": "LVL",
    "ms": "LVL",
    "nl": "LVL",
    "ru": "LVL",
    "vn": "LVL",
    "zh": "LVL",
    "tw": "LVL",
    "ar": "LVL",
    "hi": "LVL",
    "id": "LVL",
    "ja": "LVL",
    "th": "LVL"
  }
}
