{
  "first_daily_challenge": {
    "achievement_code": "first_daily_challenge",
    "achievement_code_ios": "first_daily_challenge",
    "achievement_code_android": "CgkIjZLLuo4LEAIQBg",
    "achievement_type": "STANDARD",
    "achievement_steps": 1,
    "achievement_state": "REVEALED",
    "achievement_order": 1,
    "achievement_points": 5,
    "achievement_description": {
      "de": "Done your first daily challenge",
      "en": "Done your first daily challenge",
      "es": "Done your first daily challenge",
      "fr": "Terminez votre premier défi quotidien",
      "it": "Done your first daily challenge",
      "ko": "Done your first daily challenge",
      "pt": "Done your first daily challenge",
      "tr": "Done your first daily challenge",
      "af": "Done your first daily challenge",
      "ms": "Done your first daily challenge",
      "nl": "Done your first daily challenge",
      "ru": "Done your first daily challenge",
      "vn": "Done your first daily challenge",
      "zh": "Done your first daily challenge",
      "tw": "Done your first daily challenge",
      "ar": "Done your first daily challenge",
      "hi": "Done your first daily challenge",
      "id": "Done your first daily challenge",
      "ja": "Done your first daily challenge",
      "th": "Done your first daily challenge"
    }
  },
  "first_game_won": {
    "achievement_code": "first_game_won",
    "achievement_code_ios": "first_game_won",
    "achievement_code_android": "CgkIjZLLuo4LEAIQAA",
    "achievement_type": "STANDARD",
    "achievement_steps": 1,
    "achievement_state": "REVEALED",
    "achievement_order": 2,
    "achievement_points": 5,
    "achievement_description": {
      "de": "Done your first sudoku",
      "en": "Done your first sudoku",
      "es": "Done your first sudoku",
      "fr": "Terminez votre première grille de sudoku",
      "it": "Done your first sudoku",
      "ko": "Done your first sudoku",
      "pt": "Done your first sudoku",
      "tr": "Done your first sudoku",
      "af": "Done your first sudoku",
      "ms": "Done your first sudoku",
      "nl": "Done your first sudoku",
      "ru": "Done your first sudoku",
      "vn": "Done your first sudoku",
      "zh": "Done your first sudoku",
      "tw": "Done your first sudoku",
      "ar": "Done your first sudoku",
      "hi": "Done your first sudoku",
      "id": "Done your first sudoku",
      "ja": "Done your first sudoku",
      "th": "Done your first sudoku"
    }
  },
  "victories_streak_3": {
    "achievement_code": "victories_streak_3",
    "achievement_code_ios": "victories_streak_3",
    "achievement_code_android": "CgkIjZLLuo4LEAIQAQ",
    "achievement_type": "STANDARD",
    "achievement_steps": 3,
    "achievement_state": "REVEALED",
    "achievement_order": 3,
    "achievement_points": 5,
    "achievement_description": {
      "de": "3 victories streak",
      "en": "3 victories streak",
      "es": "3 victories streak",
      "fr": "3 victoires consécutives",
      "it": "3 victories streak",
      "ko": "3 victories streak",
      "pt": "3 victories streak",
      "tr": "3 victories streak",
      "af": "3 victories streak",
      "ms": "3 victories streak",
      "nl": "3 victories streak",
      "ru": "3 victories streak",
      "vn": "3 victories streak",
      "zh": "3 victories streak",
      "tw": "3 victories streak",
      "ar": "3 victories streak",
      "hi": "3 victories streak",
      "id": "3 victories streak",
      "ja": "3 victories streak",
      "th": "3 victories streak"
    }
  },
  "victories_streak_5": {
    "achievement_code": "victories_streak_5",
    "achievement_code_ios": "victories_streak_5",
    "achievement_code_android": "CgkIjZLLuo4LEAIQBw",
    "achievement_type": "STANDARD",
    "achievement_steps": 5,
    "achievement_state": "REVEALED",
    "achievement_order": 4,
    "achievement_points": 5,
    "achievement_description": {
      "de": "5 victories streak",
      "en": "5 victories streak",
      "es": "5 victories streak",
      "fr": "5 victoires consécutives",
      "it": "5 victories streak",
      "ko": "5 victories streak",
      "pt": "5 victories streak",
      "tr": "5 victories streak",
      "af": "5 victories streak",
      "ms": "5 victories streak",
      "nl": "5 victories streak",
      "ru": "5 victories streak",
      "vn": "5 victories streak",
      "zh": "5 victories streak",
      "tw": "5 victories streak",
      "ar": "5 victories streak",
      "hi": "5 victories streak",
      "id": "5 victories streak",
      "ja": "5 victories streak",
      "th": "5 victories streak"
    }
  },
  "victories_streak_10": {
    "achievement_code": "victories_streak_10",
    "achievement_code_ios": "victories_streak_10",
    "achievement_code_android": "CgkIjZLLuo4LEAIQCA",
    "achievement_type": "STANDARD",
    "achievement_steps": 10,
    "achievement_state": "REVEALED",
    "achievement_order": 5,
    "achievement_points": 5,
    "achievement_description": {
      "de": "10 victories streak",
      "en": "10 victories streak",
      "es": "10 victories streak",
      "fr": "10 victoires consécutives",
      "it": "10 victories streak",
      "ko": "10 victories streak",
      "pt": "10 victories streak",
      "tr": "10 victories streak",
      "af": "10 victories streak",
      "ms": "10 victories streak",
      "nl": "10 victories streak",
      "ru": "10 victories streak",
      "vn": "10 victories streak",
      "zh": "10 victories streak",
      "tw": "10 victories streak",
      "ar": "10 victories streak",
      "hi": "10 victories streak",
      "id": "10 victories streak",
      "ja": "10 victories streak",
      "th": "10 victories streak"
    }
  },
  "victories_streak_50": {
    "achievement_code": "victories_streak_50",
    "achievement_code_ios": "victories_streak_50",
    "achievement_code_android": "CgkIjZLLuo4LEAIQCQ",
    "achievement_type": "STANDARD",
    "achievement_steps": 50,
    "achievement_state": "REVEALED",
    "achievement_order": 6,
    "achievement_points": 5,
    "achievement_description": {
      "de": "50 victories streak",
      "en": "50 victories streak",
      "es": "50 victories streak",
      "fr": "50 victoires consécutives",
      "it": "50 victories streak",
      "ko": "50 victories streak",
      "pt": "50 victories streak",
      "tr": "50 victories streak",
      "af": "50 victories streak",
      "ms": "50 victories streak",
      "nl": "50 victories streak",
      "ru": "50 victories streak",
      "vn": "50 victories streak",
      "zh": "50 victories streak",
      "tw": "50 victories streak",
      "ar": "50 victories streak",
      "hi": "50 victories streak",
      "id": "50 victories streak",
      "ja": "50 victories streak",
      "th": "50 victories streak"
    }
  },
  "victories_streak_100": {
    "achievement_code": "victories_streak_100",
    "achievement_code_ios": "victories_streak_100",
    "achievement_code_android": "CgkIjZLLuo4LEAIQCg",
    "achievement_type": "STANDARD",
    "achievement_steps": 100,
    "achievement_state": "REVEALED",
    "achievement_order": 7,
    "achievement_points": 5,
    "achievement_description": {
      "de": "100 victories streak",
      "en": "100 victories streak",
      "es": "100 victories streak",
      "fr": "100 victoires consécutives",
      "it": "100 victories streak",
      "ko": "100 victories streak",
      "pt": "100 victories streak",
      "tr": "100 victories streak",
      "af": "100 victories streak",
      "ms": "100 victories streak",
      "nl": "100 victories streak",
      "ru": "100 victories streak",
      "vn": "100 victories streak",
      "zh": "100 victories streak",
      "tw": "100 victories streak",
      "ar": "100 victories streak",
      "hi": "100 victories streak",
      "id": "100 victories streak",
      "ja": "100 victories streak",
      "th": "100 victories streak"
    }
  },
  "easy_3_done": {
    "achievement_code": "easy_3_done",
    "achievement_code_ios": "easy_3_done",
    "achievement_code_android": "CgkIjZLLuo4LEAIQAg",
    "achievement_type": "INCREMENTAL",
    "achievement_steps": 3,
    "achievement_state": "REVEALED",
    "achievement_order": 8,
    "achievement_points": 5,
    "achievement_description": {
      "de": "Done 3 easy sudoku",
      "en": "Done 3 easy sudoku",
      "es": "Done 3 easy sudoku",
      "fr": "Réussir 3 grilles de sudoku en facile",
      "it": "Done 3 easy sudoku",
      "ko": "Done 3 easy sudoku",
      "pt": "Done 3 easy sudoku",
      "tr": "Done 3 easy sudoku",
      "af": "Done 3 easy sudoku",
      "ms": "Done 3 easy sudoku",
      "nl": "Done 3 easy sudoku",
      "ru": "Done 3 easy sudoku",
      "vn": "Done 3 easy sudoku",
      "zh": "Done 3 easy sudoku",
      "tw": "Done 3 easy sudoku",
      "ar": "Done 3 easy sudoku",
      "hi": "Done 3 easy sudoku",
      "id": "Done 3 easy sudoku",
      "ja": "Done 3 easy sudoku",
      "th": "Done 3 easy sudoku"
    }
  },
  "easy_5_done": {
    "achievement_code": "easy_5_done",
    "achievement_code_ios": "easy_5_done",
    "achievement_code_android": "CgkIjZLLuo4LEAIQAw",
    "achievement_type": "INCREMENTAL",
    "achievement_steps": 5,
    "achievement_state": "REVEALED",
    "achievement_order": 9,
    "achievement_points": 5,
    "achievement_description": {
      "de": "Done 5 easy sudoku",
      "en": "Done 5 easy sudoku",
      "es": "Done 5 easy sudoku",
      "fr": "Réussir 5 grilles de sudoku en facile",
      "it": "Done 5 easy sudoku",
      "ko": "Done 5 easy sudoku",
      "pt": "Done 5 easy sudoku",
      "tr": "Done 5 easy sudoku",
      "af": "Done 5 easy sudoku",
      "ms": "Done 5 easy sudoku",
      "nl": "Done 5 easy sudoku",
      "ru": "Done 5 easy sudoku",
      "vn": "Done 5 easy sudoku",
      "zh": "Done 5 easy sudoku",
      "tw": "Done 5 easy sudoku",
      "ar": "Done 5 easy sudoku",
      "hi": "Done 5 easy sudoku",
      "id": "Done 5 easy sudoku",
      "ja": "Done 5 easy sudoku",
      "th": "Done 5 easy sudoku"
    }
  },
  "easy_10_done": {
    "achievement_code": "easy_10_done",
    "achievement_code_ios": "easy_10_done",
    "achievement_code_android": "CgkIjZLLuo4LEAIQCw",
    "achievement_type": "INCREMENTAL",
    "achievement_steps": 10,
    "achievement_state": "REVEALED",
    "achievement_order": 10,
    "achievement_points": 5,
    "achievement_description": {
      "de": "Done 10 easy sudoku",
      "en": "Done 10 easy sudoku",
      "es": "Done 10 easy sudoku",
      "fr": "Réussir 10 grilles de sudoku facile",
      "it": "Done 10 easy sudoku",
      "ko": "Done 10 easy sudoku",
      "pt": "Done 10 easy sudoku",
      "tr": "Done 10 easy sudoku",
      "af": "Done 10 easy sudoku",
      "ms": "Done 10 easy sudoku",
      "nl": "Done 10 easy sudoku",
      "ru": "Done 10 easy sudoku",
      "vn": "Done 10 easy sudoku",
      "zh": "Done 10 easy sudoku",
      "tw": "Done 10 easy sudoku",
      "ar": "Done 10 easy sudoku",
      "hi": "Done 10 easy sudoku",
      "id": "Done 10 easy sudoku",
      "ja": "Done 10 easy sudoku",
      "th": "Done 10 easy sudoku"
    }
  },
  "easy_50_done": {
    "achievement_code": "easy_50_done",
    "achievement_code_ios": "easy_50_done",
    "achievement_code_android": "CgkIjZLLuo4LEAIQDA",
    "achievement_type": "INCREMENTAL",
    "achievement_steps": 50,
    "achievement_state": "REVEALED",
    "achievement_order": 11,
    "achievement_points": 10,
    "achievement_description": {
      "de": "Done 50 easy sudoku",
      "en": "Done 50 easy sudoku",
      "es": "Done 50 easy sudoku",
      "fr": "Réussir 50 grilles de sudoku facile",
      "it": "Done 50 easy sudoku",
      "ko": "Done 50 easy sudoku",
      "pt": "Done 50 easy sudoku",
      "tr": "Done 50 easy sudoku",
      "af": "Done 50 easy sudoku",
      "ms": "Done 50 easy sudoku",
      "nl": "Done 50 easy sudoku",
      "ru": "Done 50 easy sudoku",
      "vn": "Done 50 easy sudoku",
      "zh": "Done 50 easy sudoku",
      "tw": "Done 50 easy sudoku",
      "ar": "Done 50 easy sudoku",
      "hi": "Done 50 easy sudoku",
      "id": "Done 50 easy sudoku",
      "ja": "Done 50 easy sudoku",
      "th": "Done 50 easy sudoku"
    }
  },
  "easy_100_done": {
    "achievement_code": "easy_100_done",
    "achievement_code_ios": "easy_100_done",
    "achievement_code_android": "CgkIjZLLuo4LEAIQDQ",
    "achievement_type": "INCREMENTAL",
    "achievement_steps": 100,
    "achievement_state": "REVEALED",
    "achievement_order": 12,
    "achievement_points": 15,
    "achievement_description": {
      "de": "Done 100 easy sudoku",
      "en": "Done 100 easy sudoku",
      "es": "Done 100 easy sudoku",
      "fr": "Réussir 100 grilles de sudoku facile",
      "it": "Done 100 easy sudoku",
      "ko": "Done 100 easy sudoku",
      "pt": "Done 100 easy sudoku",
      "tr": "Done 100 easy sudoku",
      "af": "Done 100 easy sudoku",
      "ms": "Done 100 easy sudoku",
      "nl": "Done 100 easy sudoku",
      "ru": "Done 100 easy sudoku",
      "vn": "Done 100 easy sudoku",
      "zh": "Done 100 easy sudoku",
      "tw": "Done 100 easy sudoku",
      "ar": "Done 100 easy sudoku",
      "hi": "Done 100 easy sudoku",
      "id": "Done 100 easy sudoku",
      "ja": "Done 100 easy sudoku",
      "th": "Done 100 easy sudoku"
    }
  },
  "medium_3_done": {
    "achievement_code": "medium_3_done",
    "achievement_code_ios": "medium_3_done",
    "achievement_code_android": "CgkIjZLLuo4LEAIQBA",
    "achievement_type": "INCREMENTAL",
    "achievement_steps": 3,
    "achievement_state": "REVEALED",
    "achievement_order": 13,
    "achievement_points": 5,
    "achievement_description": {
      "de": "Done 3 medium sudoku",
      "en": "Done 3 medium sudoku",
      "es": "Done 3 medium sudoku",
      "fr": "Réussir 3 grilles de sudoku en moyen",
      "it": "Done 3 medium sudoku",
      "ko": "Done 3 medium sudoku",
      "pt": "Done 3 medium sudoku",
      "tr": "Done 3 medium sudoku",
      "af": "Done 3 medium sudoku",
      "ms": "Done 3 medium sudoku",
      "nl": "Done 3 medium sudoku",
      "ru": "Done 3 medium sudoku",
      "vn": "Done 3 medium sudoku",
      "zh": "Done 3 medium sudoku",
      "tw": "Done 3 medium sudoku",
      "ar": "Done 3 medium sudoku",
      "hi": "Done 3 medium sudoku",
      "id": "Done 3 medium sudoku",
      "ja": "Done 3 medium sudoku",
      "th": "Done 3 medium sudoku"
    }
  },
  "medium_5_done": {
    "achievement_code": "medium_5_done",
    "achievement_code_ios": "medium_5_done",
    "achievement_code_android": "CgkIjZLLuo4LEAIQDg",
    "achievement_type": "INCREMENTAL",
    "achievement_steps": 5,
    "achievement_state": "REVEALED",
    "achievement_order": 14,
    "achievement_points": 5,
    "achievement_description": {
      "de": "Done 5 medium sudoku",
      "en": "Done 5 medium sudoku",
      "es": "Done 5 medium sudoku",
      "fr": "Réussir 5 grilles de sudoku en moyen",
      "it": "Done 5 medium sudoku",
      "ko": "Done 5 medium sudoku",
      "pt": "Done 5 medium sudoku",
      "tr": "Done 5 medium sudoku",
      "af": "Done 5 medium sudoku",
      "ms": "Done 5 medium sudoku",
      "nl": "Done 5 medium sudoku",
      "ru": "Done 5 medium sudoku",
      "vn": "Done 5 medium sudoku",
      "zh": "Done 5 medium sudoku",
      "tw": "Done 5 medium sudoku",
      "ar": "Done 5 medium sudoku",
      "hi": "Done 5 medium sudoku",
      "id": "Done 5 medium sudoku",
      "ja": "Done 5 medium sudoku",
      "th": "Done 5 medium sudoku"
    }
  },
  "medium_10_done": {
    "achievement_code": "medium_10_done",
    "achievement_code_ios": "medium_10_done",
    "achievement_code_android": "CgkIjZLLuo4LEAIQDw",
    "achievement_type": "INCREMENTAL",
    "achievement_steps": 10,
    "achievement_state": "REVEALED",
    "achievement_order": 15,
    "achievement_points": 5,
    "achievement_description": {
      "de": "Done 10 medium sudoku",
      "en": "Done 10 medium sudoku",
      "es": "Done 10 medium sudoku",
      "fr": "Réussir 10 grilles de sudoku en moyen",
      "it": "Done 10 medium sudoku",
      "ko": "Done 10 medium sudoku",
      "pt": "Done 10 medium sudoku",
      "tr": "Done 10 medium sudoku",
      "af": "Done 10 medium sudoku",
      "ms": "Done 10 medium sudoku",
      "nl": "Done 10 medium sudoku",
      "ru": "Done 10 medium sudoku",
      "vn": "Done 10 medium sudoku",
      "zh": "Done 10 medium sudoku",
      "tw": "Done 10 medium sudoku",
      "ar": "Done 10 medium sudoku",
      "hi": "Done 10 medium sudoku",
      "id": "Done 10 medium sudoku",
      "ja": "Done 10 medium sudoku",
      "th": "Done 10 medium sudoku"
    }
  },
  "medium_50_done": {
    "achievement_code": "medium_50_done",
    "achievement_code_ios": "medium_50_done",
    "achievement_code_android": "CgkIjZLLuo4LEAIQEA",
    "achievement_type": "INCREMENTAL",
    "achievement_steps": 50,
    "achievement_state": "REVEALED",
    "achievement_order": 16,
    "achievement_points": 10,
    "achievement_description": {
      "de": "Done 50 medium sudoku",
      "en": "Done 50 medium sudoku",
      "es": "Done 50 medium sudoku",
      "fr": "Réussir 50 grilles de sudoku en moyen",
      "it": "Done 50 medium sudoku",
      "ko": "Done 50 medium sudoku",
      "pt": "Done 50 medium sudoku",
      "tr": "Done 50 medium sudoku",
      "af": "Done 50 medium sudoku",
      "ms": "Done 50 medium sudoku",
      "nl": "Done 50 medium sudoku",
      "ru": "Done 50 medium sudoku",
      "vn": "Done 50 medium sudoku",
      "zh": "Done 50 medium sudoku",
      "tw": "Done 50 medium sudoku",
      "ar": "Done 50 medium sudoku",
      "hi": "Done 50 medium sudoku",
      "id": "Done 50 medium sudoku",
      "ja": "Done 50 medium sudoku",
      "th": "Done 50 medium sudoku"
    }
  },
  "medium_100_done": {
    "achievement_code": "medium_100_done",
    "achievement_code_ios": "medium_100_done",
    "achievement_code_android": "CgkIjZLLuo4LEAIQEQ",
    "achievement_type": "INCREMENTAL",
    "achievement_steps": 100,
    "achievement_state": "REVEALED",
    "achievement_order": 17,
    "achievement_points": 15,
    "achievement_description": {
      "de": "Done 100 medium sudoku",
      "en": "Done 100 medium sudoku",
      "es": "Done 100 medium sudoku",
      "fr": "Réussir 100 grilles de sudoku en moyen",
      "it": "Done 100 medium sudoku",
      "ko": "Done 100 medium sudoku",
      "pt": "Done 100 medium sudoku",
      "tr": "Done 100 medium sudoku",
      "af": "Done 100 medium sudoku",
      "ms": "Done 100 medium sudoku",
      "nl": "Done 100 medium sudoku",
      "ru": "Done 100 medium sudoku",
      "vn": "Done 100 medium sudoku",
      "zh": "Done 100 medium sudoku",
      "tw": "Done 100 medium sudoku",
      "ar": "Done 100 medium sudoku",
      "hi": "Done 100 medium sudoku",
      "id": "Done 100 medium sudoku",
      "ja": "Done 100 medium sudoku",
      "th": "Done 100 medium sudoku"
    }
  },
  "hard_3_done": {
    "achievement_code": "hard_3_done",
    "achievement_code_ios": "hard_3_done",
    "achievement_code_android": "CgkIjZLLuo4LEAIQEg",
    "achievement_type": "INCREMENTAL",
    "achievement_steps": 3,
    "achievement_state": "REVEALED",
    "achievement_order": 18,
    "achievement_points": 5,
    "achievement_description": {
      "de": "Done 3 hard sudoku",
      "en": "Done 3 hard sudoku",
      "es": "Done 3 hard sudoku",
      "fr": "Réussir 3 grilles de sudoku en difficile",
      "it": "Done 3 hard sudoku",
      "ko": "Done 3 hard sudoku",
      "pt": "Done 3 hard sudoku",
      "tr": "Done 3 hard sudoku",
      "af": "Done 3 hard sudoku",
      "ms": "Done 3 hard sudoku",
      "nl": "Done 3 hard sudoku",
      "ru": "Done 3 hard sudoku",
      "vn": "Done 3 hard sudoku",
      "zh": "Done 3 hard sudoku",
      "tw": "Done 3 hard sudoku",
      "ar": "Done 3 hard sudoku",
      "hi": "Done 3 hard sudoku",
      "id": "Done 3 hard sudoku",
      "ja": "Done 3 hard sudoku",
      "th": "Done 3 hard sudoku"
    }
  },
  "hard_5_done": {
    "achievement_code": "hard_5_done",
    "achievement_code_ios": "hard_5_done",
    "achievement_code_android": "CgkIjZLLuo4LEAIQEw",
    "achievement_type": "INCREMENTAL",
    "achievement_steps": 5,
    "achievement_state": "REVEALED",
    "achievement_order": 19,
    "achievement_points": 5,
    "achievement_description": {
      "de": "Done 5 hard sudoku",
      "en": "Done 5 hard sudoku",
      "es": "Done 5 hard sudoku",
      "fr": "Réussir 5 grilles de sudoku en difficile",
      "it": "Done 5 hard sudoku",
      "ko": "Done 5 hard sudoku",
      "pt": "Done 5 hard sudoku",
      "tr": "Done 5 hard sudoku",
      "af": "Done 5 hard sudoku",
      "ms": "Done 5 hard sudoku",
      "nl": "Done 5 hard sudoku",
      "ru": "Done 5 hard sudoku",
      "vn": "Done 5 hard sudoku",
      "zh": "Done 5 hard sudoku",
      "tw": "Done 5 hard sudoku",
      "ar": "Done 5 hard sudoku",
      "hi": "Done 5 hard sudoku",
      "id": "Done 5 hard sudoku",
      "ja": "Done 5 hard sudoku",
      "th": "Done 5 hard sudoku"
    }
  },
  "hard_10_done": {
    "achievement_code": "hard_10_done",
    "achievement_code_ios": "hard_10_done",
    "achievement_code_android": "CgkIjZLLuo4LEAIQFA",
    "achievement_type": "INCREMENTAL",
    "achievement_steps": 10,
    "achievement_state": "REVEALED",
    "achievement_order": 20,
    "achievement_points": 5,
    "achievement_description": {
      "de": "Done 10 hard sudoku",
      "en": "Done 10 hard sudoku",
      "es": "Done 10 hard sudoku",
      "fr": "Réussir 10 grilles de sudoku en difficile",
      "it": "Done 10 hard sudoku",
      "ko": "Done 10 hard sudoku",
      "pt": "Done 10 hard sudoku",
      "tr": "Done 10 hard sudoku",
      "af": "Done 10 hard sudoku",
      "ms": "Done 10 hard sudoku",
      "nl": "Done 10 hard sudoku",
      "ru": "Done 10 hard sudoku",
      "vn": "Done 10 hard sudoku",
      "zh": "Done 10 hard sudoku",
      "tw": "Done 10 hard sudoku",
      "ar": "Done 10 hard sudoku",
      "hi": "Done 10 hard sudoku",
      "id": "Done 10 hard sudoku",
      "ja": "Done 10 hard sudoku",
      "th": "Done 10 hard sudoku"
    }
  },
  "hard_50_done": {
    "achievement_code": "hard_50_done",
    "achievement_code_ios": "hard_50_done",
    "achievement_code_android": "CgkIjZLLuo4LEAIQFQ",
    "achievement_type": "INCREMENTAL",
    "achievement_steps": 50,
    "achievement_state": "REVEALED",
    "achievement_order": 21,
    "achievement_points": 10,
    "achievement_description": {
      "de": "Done 50 hard sudoku",
      "en": "Done 50 hard sudoku",
      "es": "Done 50 hard sudoku",
      "fr": "Réussir 50 grilles de sudoku en difficile",
      "it": "Done 50 hard sudoku",
      "ko": "Done 50 hard sudoku",
      "pt": "Done 50 hard sudoku",
      "tr": "Done 50 hard sudoku",
      "af": "Done 50 hard sudoku",
      "ms": "Done 50 hard sudoku",
      "nl": "Done 50 hard sudoku",
      "ru": "Done 50 hard sudoku",
      "vn": "Done 50 hard sudoku",
      "zh": "Done 50 hard sudoku",
      "tw": "Done 50 hard sudoku",
      "ar": "Done 50 hard sudoku",
      "hi": "Done 50 hard sudoku",
      "id": "Done 50 hard sudoku",
      "ja": "Done 50 hard sudoku",
      "th": "Done 50 hard sudoku"
    }
  },
  "hard_100_done": {
    "achievement_code": "hard_100_done",
    "achievement_code_ios": "hard_100_done",
    "achievement_code_android": "CgkIjZLLuo4LEAIQFg",
    "achievement_type": "INCREMENTAL",
    "achievement_steps": 100,
    "achievement_state": "REVEALED",
    "achievement_order": 22,
    "achievement_points": 15,
    "achievement_description": {
      "de": "Done 100 hard sudoku",
      "en": "Done 100 hard sudoku",
      "es": "Done 100 hard sudoku",
      "fr": "Réussir 100 grilles de sudoku en difficile",
      "it": "Done 100 hard sudoku",
      "ko": "Done 100 hard sudoku",
      "pt": "Done 100 hard sudoku",
      "tr": "Done 100 hard sudoku",
      "af": "Done 100 hard sudoku",
      "ms": "Done 100 hard sudoku",
      "nl": "Done 100 hard sudoku",
      "ru": "Done 100 hard sudoku",
      "vn": "Done 100 hard sudoku",
      "zh": "Done 100 hard sudoku",
      "tw": "Done 100 hard sudoku",
      "ar": "Done 100 hard sudoku",
      "hi": "Done 100 hard sudoku",
      "id": "Done 100 hard sudoku",
      "ja": "Done 100 hard sudoku",
      "th": "Done 100 hard sudoku"
    }
  },
  "veryhard_3_done": {
    "achievement_code": "veryhard_3_done",
    "achievement_code_ios": "veryhard_3_done",
    "achievement_code_android": "CgkIjZLLuo4LEAIQFw",
    "achievement_type": "INCREMENTAL",
    "achievement_steps": 3,
    "achievement_state": "REVEALED",
    "achievement_order": 23,
    "achievement_points": 5,
    "achievement_description": {
      "de": "Done 3 very-hard sudoku",
      "en": "Done 3 very-hard sudoku",
      "es": "Done 3 very-hard sudoku",
      "fr": "Réussir 3 grilles de sudoku en très difficile",
      "it": "Done 3 very-hard sudoku",
      "ko": "Done 3 very-hard sudoku",
      "pt": "Done 3 very-hard sudoku",
      "tr": "Done 3 very-hard sudoku",
      "af": "Done 3 very-hard sudoku",
      "ms": "Done 3 very-hard sudoku",
      "nl": "Done 3 very-hard sudoku",
      "ru": "Done 3 very-hard sudoku",
      "vn": "Done 3 very-hard sudoku",
      "zh": "Done 3 very-hard sudoku",
      "tw": "Done 3 very-hard sudoku",
      "ar": "Done 3 very-hard sudoku",
      "hi": "Done 3 very-hard sudoku",
      "id": "Done 3 very-hard sudoku",
      "ja": "Done 3 very-hard sudoku",
      "th": "Done 3 very-hard sudoku"
    }
  },
  "veryhard_5_done": {
    "achievement_code": "veryhard_5_done",
    "achievement_code_ios": "veryhard_5_done",
    "achievement_code_android": "CgkIjZLLuo4LEAIQGA",
    "achievement_type": "INCREMENTAL",
    "achievement_steps": 5,
    "achievement_state": "REVEALED",
    "achievement_order": 24,
    "achievement_points": 5,
    "achievement_description": {
      "de": "Done 5 very-hard sudoku",
      "en": "Done 5 very-hard sudoku",
      "es": "Done 5 very-hard sudoku",
      "fr": "Réussir 5 grilles de sudoku en très difficile",
      "it": "Done 5 very-hard sudoku",
      "ko": "Done 5 very-hard sudoku",
      "pt": "Done 5 very-hard sudoku",
      "tr": "Done 5 very-hard sudoku",
      "af": "Done 5 very-hard sudoku",
      "ms": "Done 5 very-hard sudoku",
      "nl": "Done 5 very-hard sudoku",
      "ru": "Done 5 very-hard sudoku",
      "vn": "Done 5 very-hard sudoku",
      "zh": "Done 5 very-hard sudoku",
      "tw": "Done 5 very-hard sudoku",
      "ar": "Done 5 very-hard sudoku",
      "hi": "Done 5 very-hard sudoku",
      "id": "Done 5 very-hard sudoku",
      "ja": "Done 5 very-hard sudoku",
      "th": "Done 5 very-hard sudoku"
    }
  },
  "veryhard_10_done": {
    "achievement_code": "veryhard_10_done",
    "achievement_code_ios": "veryhard_10_done",
    "achievement_code_android": "CgkIjZLLuo4LEAIQGQ",
    "achievement_type": "INCREMENTAL",
    "achievement_steps": 10,
    "achievement_state": "REVEALED",
    "achievement_order": 25,
    "achievement_points": 10,
    "achievement_description": {
      "de": "Done 10 very-hard sudoku",
      "en": "Done 10 very-hard sudoku",
      "es": "Done 10 very-hard sudoku",
      "fr": "Réussir 10 grilles de sudoku en très difficile",
      "it": "Done 10 very-hard sudoku",
      "ko": "Done 10 very-hard sudoku",
      "pt": "Done 10 very-hard sudoku",
      "tr": "Done 10 very-hard sudoku",
      "af": "Done 10 very-hard sudoku",
      "ms": "Done 10 very-hard sudoku",
      "nl": "Done 10 very-hard sudoku",
      "ru": "Done 10 very-hard sudoku",
      "vn": "Done 10 very-hard sudoku",
      "zh": "Done 10 very-hard sudoku",
      "tw": "Done 10 very-hard sudoku",
      "ar": "Done 10 very-hard sudoku",
      "hi": "Done 10 very-hard sudoku",
      "id": "Done 10 very-hard sudoku",
      "ja": "Done 10 very-hard sudoku",
      "th": "Done 10 very-hard sudoku"
    }
  },
  "veryhard_50_done": {
    "achievement_code": "veryhard_50_done",
    "achievement_code_ios": "veryhard_50_done",
    "achievement_code_android": "CgkIjZLLuo4LEAIQGg",
    "achievement_type": "INCREMENTAL",
    "achievement_steps": 50,
    "achievement_state": "REVEALED",
    "achievement_order": 26,
    "achievement_points": 15,
    "achievement_description": {
      "de": "Done 50 very-hard sudoku",
      "en": "Done 50 very-hard sudoku",
      "es": "Done 50 very-hard sudoku",
      "fr": "Réussir 50 grilles de sudoku en très difficile",
      "it": "Done 50 very-hard sudoku",
      "ko": "Done 50 very-hard sudoku",
      "pt": "Done 50 very-hard sudoku",
      "tr": "Done 50 very-hard sudoku",
      "af": "Done 50 very-hard sudoku",
      "ms": "Done 50 very-hard sudoku",
      "nl": "Done 50 very-hard sudoku",
      "ru": "Done 50 very-hard sudoku",
      "vn": "Done 50 very-hard sudoku",
      "zh": "Done 50 very-hard sudoku",
      "tw": "Done 50 very-hard sudoku",
      "ar": "Done 50 very-hard sudoku",
      "hi": "Done 50 very-hard sudoku",
      "id": "Done 50 very-hard sudoku",
      "ja": "Done 50 very-hard sudoku",
      "th": "Done 50 very-hard sudoku"
    }
  },
  "veryhard_100_done": {
    "achievement_code": "veryhard_100_done",
    "achievement_code_ios": "veryhard_100_done",
    "achievement_code_android": "CgkIjZLLuo4LEAIQGw",
    "achievement_type": "INCREMENTAL",
    "achievement_steps": 100,
    "achievement_state": "REVEALED",
    "achievement_order": 27,
    "achievement_points": 20,
    "achievement_description": {
      "de": "Done 100 very-hard sudoku",
      "en": "Done 100 very-hard sudoku",
      "es": "Done 100 very-hard sudoku",
      "fr": "Réussir 100 grilles de sudoku en très difficile",
      "it": "Done 100 very-hard sudoku",
      "ko": "Done 100 very-hard sudoku",
      "pt": "Done 100 very-hard sudoku",
      "tr": "Done 100 very-hard sudoku",
      "af": "Done 100 very-hard sudoku",
      "ms": "Done 100 very-hard sudoku",
      "nl": "Done 100 very-hard sudoku",
      "ru": "Done 100 very-hard sudoku",
      "vn": "Done 100 very-hard sudoku",
      "zh": "Done 100 very-hard sudoku",
      "tw": "Done 100 very-hard sudoku",
      "ar": "Done 100 very-hard sudoku",
      "hi": "Done 100 very-hard sudoku",
      "id": "Done 100 very-hard sudoku",
      "ja": "Done 100 very-hard sudoku",
      "th": "Done 100 very-hard sudoku"
    }
  },
  "insane_3_done": {
    "achievement_code": "insane_3_done",
    "achievement_code_ios": "insane_3_done",
    "achievement_code_android": "CgkIjZLLuo4LEAIQHA",
    "achievement_type": "INCREMENTAL",
    "achievement_steps": 3,
    "achievement_state": "REVEALED",
    "achievement_order": 28,
    "achievement_points": 5,
    "achievement_description": {
      "de": "Done 3 insane sudoku",
      "en": "Done 3 insane sudoku",
      "es": "Done 3 insane sudoku",
      "fr": "Réussir 3 grilles de sudoku en dément",
      "it": "Done 3 insane sudoku",
      "ko": "Done 3 insane sudoku",
      "pt": "Done 3 insane sudoku",
      "tr": "Done 3 insane sudoku",
      "af": "Done 3 insane sudoku",
      "ms": "Done 3 insane sudoku",
      "nl": "Done 3 insane sudoku",
      "ru": "Done 3 insane sudoku",
      "vn": "Done 3 insane sudoku",
      "zh": "Done 3 insane sudoku",
      "tw": "Done 3 insane sudoku",
      "ar": "Done 3 insane sudoku",
      "hi": "Done 3 insane sudoku",
      "id": "Done 3 insane sudoku",
      "ja": "Done 3 insane sudoku",
      "th": "Done 3 insane sudoku"
    }
  },
  "insane_5_done": {
    "achievement_code": "insane_5_done",
    "achievement_code_ios": "insane_5_done",
    "achievement_code_android": "CgkIjZLLuo4LEAIQHQ",
    "achievement_type": "INCREMENTAL",
    "achievement_steps": 5,
    "achievement_state": "REVEALED",
    "achievement_order": 29,
    "achievement_points": 10,
    "achievement_description": {
      "de": "Done 5 insane sudoku",
      "en": "Done 5 insane sudoku",
      "es": "Done 5 insane sudoku",
      "fr": "Réussir 5 grilles de sudoku en dément",
      "it": "Done 5 insane sudoku",
      "ko": "Done 5 insane sudoku",
      "pt": "Done 5 insane sudoku",
      "tr": "Done 5 insane sudoku",
      "af": "Done 5 insane sudoku",
      "ms": "Done 5 insane sudoku",
      "nl": "Done 5 insane sudoku",
      "ru": "Done 5 insane sudoku",
      "vn": "Done 5 insane sudoku",
      "zh": "Done 5 insane sudoku",
      "tw": "Done 5 insane sudoku",
      "ar": "Done 5 insane sudoku",
      "hi": "Done 5 insane sudoku",
      "id": "Done 5 insane sudoku",
      "ja": "Done 5 insane sudoku",
      "th": "Done 5 insane sudoku"
    }
  },
  "insane_10_done": {
    "achievement_code": "insane_10_done",
    "achievement_code_ios": "insane_10_done",
    "achievement_code_android": "CgkIjZLLuo4LEAIQHg",
    "achievement_type": "INCREMENTAL",
    "achievement_steps": 10,
    "achievement_state": "REVEALED",
    "achievement_order": 30,
    "achievement_points": 15,
    "achievement_description": {
      "de": "Done 10 insane sudoku",
      "en": "Done 10 insane sudoku",
      "es": "Done 10 insane sudoku",
      "fr": "Réussir 10 grilles de sudoku en dément",
      "it": "Done 10 insane sudoku",
      "ko": "Done 10 insane sudoku",
      "pt": "Done 10 insane sudoku",
      "tr": "Done 10 insane sudoku",
      "af": "Done 10 insane sudoku",
      "ms": "Done 10 insane sudoku",
      "nl": "Done 10 insane sudoku",
      "ru": "Done 10 insane sudoku",
      "vn": "Done 10 insane sudoku",
      "zh": "Done 10 insane sudoku",
      "tw": "Done 10 insane sudoku",
      "ar": "Done 10 insane sudoku",
      "hi": "Done 10 insane sudoku",
      "id": "Done 10 insane sudoku",
      "ja": "Done 10 insane sudoku",
      "th": "Done 10 insane sudoku"
    }
  },
  "insane_50_done": {
    "achievement_code": "insane_50_done",
    "achievement_code_ios": "insane_50_done",
    "achievement_code_android": "CgkIjZLLuo4LEAIQHw",
    "achievement_type": "INCREMENTAL",
    "achievement_steps": 50,
    "achievement_state": "REVEALED",
    "achievement_order": 31,
    "achievement_points": 20,
    "achievement_description": {
      "de": "Done 50 insane sudoku",
      "en": "Done 50 insane sudoku",
      "es": "Done 50 insane sudoku",
      "fr": "Réussir 50 grilles de sudoku en dément",
      "it": "Done 50 insane sudoku",
      "ko": "Done 50 insane sudoku",
      "pt": "Done 50 insane sudoku",
      "tr": "Done 50 insane sudoku",
      "af": "Done 50 insane sudoku",
      "ms": "Done 50 insane sudoku",
      "nl": "Done 50 insane sudoku",
      "ru": "Done 50 insane sudoku",
      "vn": "Done 50 insane sudoku",
      "zh": "Done 50 insane sudoku",
      "tw": "Done 50 insane sudoku",
      "ar": "Done 50 insane sudoku",
      "hi": "Done 50 insane sudoku",
      "id": "Done 50 insane sudoku",
      "ja": "Done 50 insane sudoku",
      "th": "Done 50 insane sudoku"
    }
  },
  "insane_100_done": {
    "achievement_code": "insane_100_done",
    "achievement_code_ios": "insane_100_done",
    "achievement_code_android": "CgkIjZLLuo4LEAIQIA",
    "achievement_type": "INCREMENTAL",
    "achievement_steps": 100,
    "achievement_state": "REVEALED",
    "achievement_order": 32,
    "achievement_points": 25,
    "achievement_description": {
      "de": "Done 100 insane sudoku",
      "en": "Done 100 insane sudoku",
      "es": "Done 100 insane sudoku",
      "fr": "Réussir 100 grilles de sudoku en dément",
      "it": "Done 100 insane sudoku",
      "ko": "Done 100 insane sudoku",
      "pt": "Done 100 insane sudoku",
      "tr": "Done 100 insane sudoku",
      "af": "Done 100 insane sudoku",
      "ms": "Done 100 insane sudoku",
      "nl": "Done 100 insane sudoku",
      "ru": "Done 100 insane sudoku",
      "vn": "Done 100 insane sudoku",
      "zh": "Done 100 insane sudoku",
      "tw": "Done 100 insane sudoku",
      "ar": "Done 100 insane sudoku",
      "hi": "Done 100 insane sudoku",
      "id": "Done 100 insane sudoku",
      "ja": "Done 100 insane sudoku",
      "th": "Done 100 insane sudoku"
    }
  },
  "daily_challenge_3": {
    "achievement_code": "daily_challenge_3",
    "achievement_code_ios": "daily_challenge_3",
    "achievement_code_android": "CgkIjZLLuo4LEAIQIQ",
    "achievement_type": "INCREMENTAL",
    "achievement_steps": 3,
    "achievement_state": "REVEALED",
    "achievement_order": 33,
    "achievement_points": 5,
    "achievement_description": {
      "de": "Done 3 daily challenges",
      "en": "Done 3 daily challenges",
      "es": "Done 3 daily challenges",
      "fr": "Réussir 3 défis quotidiens",
      "it": "Done 3 daily challenges",
      "ko": "Done 3 daily challenges",
      "pt": "Done 3 daily challenges",
      "tr": "Done 3 daily challenges",
      "af": "Done 3 daily challenges",
      "ms": "Done 3 daily challenges",
      "nl": "Done 3 daily challenges",
      "ru": "Done 3 daily challenges",
      "vn": "Done 3 daily challenges",
      "zh": "Done 3 daily challenges",
      "tw": "Done 3 daily challenges",
      "ar": "Done 3 daily challenges",
      "hi": "Done 3 daily challenges",
      "id": "Done 3 daily challenges",
      "ja": "Done 3 daily challenges",
      "th": "Done 3 daily challenges"
    }
  },
  "daily_challenge_5": {
    "achievement_code": "daily_challenge_5",
    "achievement_code_ios": "daily_challenge_5",
    "achievement_code_android": "CgkIjZLLuo4LEAIQIg",
    "achievement_type": "INCREMENTAL",
    "achievement_steps": 5,
    "achievement_state": "REVEALED",
    "achievement_order": 34,
    "achievement_points": 10,
    "achievement_description": {
      "de": "Done 5 daily challenges",
      "en": "Done 5 daily challenges",
      "es": "Done 5 daily challenges",
      "fr": "Réussir 5 défis quotidiens",
      "it": "Done 5 daily challenges",
      "ko": "Done 5 daily challenges",
      "pt": "Done 5 daily challenges",
      "tr": "Done 5 daily challenges",
      "af": "Done 5 daily challenges",
      "ms": "Done 5 daily challenges",
      "nl": "Done 5 daily challenges",
      "ru": "Done 5 daily challenges",
      "vn": "Done 5 daily challenges",
      "zh": "Done 5 daily challenges",
      "tw": "Done 5 daily challenges",
      "ar": "Done 5 daily challenges",
      "hi": "Done 5 daily challenges",
      "id": "Done 5 daily challenges",
      "ja": "Done 5 daily challenges",
      "th": "Done 5 daily challenges"
    }
  },
  "daily_challenge_10": {
    "achievement_code": "daily_challenge_10",
    "achievement_code_ios": "daily_challenge_10",
    "achievement_code_android": "CgkIjZLLuo4LEAIQIw",
    "achievement_type": "INCREMENTAL",
    "achievement_steps": 10,
    "achievement_state": "REVEALED",
    "achievement_order": 35,
    "achievement_points": 15,
    "achievement_description": {
      "de": "Done 10 daily challenges",
      "en": "Done 10 daily challenges",
      "es": "Done 10 daily challenges",
      "fr": "Réussir 10 défis quotidiens",
      "it": "Done 10 daily challenges",
      "ko": "Done 10 daily challenges",
      "pt": "Done 10 daily challenges",
      "tr": "Done 10 daily challenges",
      "af": "Done 10 daily challenges",
      "ms": "Done 10 daily challenges",
      "nl": "Done 10 daily challenges",
      "ru": "Done 10 daily challenges",
      "vn": "Done 10 daily challenges",
      "zh": "Done 10 daily challenges",
      "tw": "Done 10 daily challenges",
      "ar": "Done 10 daily challenges",
      "hi": "Done 10 daily challenges",
      "id": "Done 10 daily challenges",
      "ja": "Done 10 daily challenges",
      "th": "Done 10 daily challenges"
    }
  },
  "daily_challenge_25": {
    "achievement_code": "daily_challenge_25",
    "achievement_code_ios": "daily_challenge_25",
    "achievement_code_android": "CgkIjZLLuo4LEAIQJA",
    "achievement_type": "INCREMENTAL",
    "achievement_steps": 25,
    "achievement_state": "REVEALED",
    "achievement_order": 36,
    "achievement_points": 25,
    "achievement_description": {
      "de": "Done 25 daily challenges",
      "en": "Done 25 daily challenges",
      "es": "Done 25 daily challenges",
      "fr": "Réussir 25 défis quotidiens",
      "it": "Done 25 daily challenges",
      "ko": "Done 25 daily challenges",
      "pt": "Done 25 daily challenges",
      "tr": "Done 25 daily challenges",
      "af": "Done 25 daily challenges",
      "ms": "Done 25 daily challenges",
      "nl": "Done 25 daily challenges",
      "ru": "Done 25 daily challenges",
      "vn": "Done 25 daily challenges",
      "zh": "Done 25 daily challenges",
      "tw": "Done 25 daily challenges",
      "ar": "Done 25 daily challenges",
      "hi": "Done 25 daily challenges",
      "id": "Done 25 daily challenges",
      "ja": "Done 25 daily challenges",
      "th": "Done 25 daily challenges"
    }
  },
  "daily_challenge_50": {
    "achievement_code": "daily_challenge_50",
    "achievement_code_ios": "daily_challenge_50",
    "achievement_code_android": "CgkIjZLLuo4LEAIQJQ",
    "achievement_type": "INCREMENTAL",
    "achievement_steps": 50,
    "achievement_state": "REVEALED",
    "achievement_order": 37,
    "achievement_points": 35,
    "achievement_description": {
      "de": "Done 50 daily challenges",
      "en": "Done 50 daily challenges",
      "es": "Done 50 daily challenges",
      "fr": "Réussir 50 défis quotidiens",
      "it": "Done 50 daily challenges",
      "ko": "Done 50 daily challenges",
      "pt": "Done 50 daily challenges",
      "tr": "Done 50 daily challenges",
      "af": "Done 50 daily challenges",
      "ms": "Done 50 daily challenges",
      "nl": "Done 50 daily challenges",
      "ru": "Done 50 daily challenges",
      "vn": "Done 50 daily challenges",
      "zh": "Done 50 daily challenges",
      "tw": "Done 50 daily challenges",
      "ar": "Done 50 daily challenges",
      "hi": "Done 50 daily challenges",
      "id": "Done 50 daily challenges",
      "ja": "Done 50 daily challenges",
      "th": "Done 50 daily challenges"
    }
  },
  "grid_25_done": {
    "achievement_code": "grid_25_done",
    "achievement_code_ios": "grid_25_done",
    "achievement_code_android": "CgkIjZLLuo4LEAIQJg",
    "achievement_type": "INCREMENTAL",
    "achievement_steps": 25,
    "achievement_state": "REVEALED",
    "achievement_order": 38,
    "achievement_points": 5,
    "achievement_description": {
      "de": "Done 25 sudoku",
      "en": "Done 25 sudoku",
      "es": "Done 25 sudoku",
      "fr": "Réussir 25 grilles de sudoku",
      "it": "Done 25 sudoku",
      "ko": "Done 25 sudoku",
      "pt": "Done 25 sudoku",
      "tr": "Done 25 sudoku",
      "af": "Done 25 sudoku",
      "ms": "Done 25 sudoku",
      "nl": "Done 25 sudoku",
      "ru": "Done 25 sudoku",
      "vn": "Done 25 sudoku",
      "zh": "Done 25 sudoku",
      "tw": "Done 25 sudoku",
      "ar": "Done 25 sudoku",
      "hi": "Done 25 sudoku",
      "id": "Done 25 sudoku",
      "ja": "Done 25 sudoku",
      "th": "Done 25 sudoku"
    }
  },
  "grid_50_done": {
    "achievement_code": "grid_50_done",
    "achievement_code_ios": "grid_50_done",
    "achievement_code_android": "CgkIjZLLuo4LEAIQJw",
    "achievement_type": "INCREMENTAL",
    "achievement_steps": 50,
    "achievement_state": "REVEALED",
    "achievement_order": 39,
    "achievement_points": 10,
    "achievement_description": {
      "de": "Done 50 sudoku",
      "en": "Done 50 sudoku",
      "es": "Done 50 sudoku",
      "fr": "Réussir 50 grilles de sudoku",
      "it": "Done 50 sudoku",
      "ko": "Done 50 sudoku",
      "pt": "Done 50 sudoku",
      "tr": "Done 50 sudoku",
      "af": "Done 50 sudoku",
      "ms": "Done 50 sudoku",
      "nl": "Done 50 sudoku",
      "ru": "Done 50 sudoku",
      "vn": "Done 50 sudoku",
      "zh": "Done 50 sudoku",
      "tw": "Done 50 sudoku",
      "ar": "Done 50 sudoku",
      "hi": "Done 50 sudoku",
      "id": "Done 50 sudoku",
      "ja": "Done 50 sudoku",
      "th": "Done 50 sudoku"
    }
  },
  "grid_100_done": {
    "achievement_code": "grid_100_done",
    "achievement_code_ios": "grid_100_done",
    "achievement_code_android": "CgkIjZLLuo4LEAIQKA",
    "achievement_type": "INCREMENTAL",
    "achievement_steps": 100,
    "achievement_state": "REVEALED",
    "achievement_order": 40,
    "achievement_points": 15,
    "achievement_description": {
      "de": "Done 100 sudoku",
      "en": "Done 100 sudoku",
      "es": "Done 100 sudoku",
      "fr": "Réussir 100 grilles de sudoku",
      "it": "Done 100 sudoku",
      "ko": "Done 100 sudoku",
      "pt": "Done 100 sudoku",
      "tr": "Done 100 sudoku",
      "af": "Done 100 sudoku",
      "ms": "Done 100 sudoku",
      "nl": "Done 100 sudoku",
      "ru": "Done 100 sudoku",
      "vn": "Done 100 sudoku",
      "zh": "Done 100 sudoku",
      "tw": "Done 100 sudoku",
      "ar": "Done 100 sudoku",
      "hi": "Done 100 sudoku",
      "id": "Done 100 sudoku",
      "ja": "Done 100 sudoku",
      "th": "Done 100 sudoku"
    }
  },
  "grid_200_done": {
    "achievement_code": "grid_200_done",
    "achievement_code_ios": "grid_200_done",
    "achievement_code_android": "CgkIjZLLuo4LEAIQKQ",
    "achievement_type": "INCREMENTAL",
    "achievement_steps": 200,
    "achievement_state": "REVEALED",
    "achievement_order": 41,
    "achievement_points": 25,
    "achievement_description": {
      "de": "Done 200 sudoku",
      "en": "Done 200 sudoku",
      "es": "Done 200 sudoku",
      "fr": "Réussir 200 grilles de sudoku",
      "it": "Done 200 sudoku",
      "ko": "Done 200 sudoku",
      "pt": "Done 200 sudoku",
      "tr": "Done 200 sudoku",
      "af": "Done 200 sudoku",
      "ms": "Done 200 sudoku",
      "nl": "Done 200 sudoku",
      "ru": "Done 200 sudoku",
      "vn": "Done 200 sudoku",
      "zh": "Done 200 sudoku",
      "tw": "Done 200 sudoku",
      "ar": "Done 200 sudoku",
      "hi": "Done 200 sudoku",
      "id": "Done 200 sudoku",
      "ja": "Done 200 sudoku",
      "th": "Done 200 sudoku"
    }
  },
  "grid_500_done": {
    "achievement_code": "grid_500_done",
    "achievement_code_ios": "grid_500_done",
    "achievement_code_android": "CgkIjZLLuo4LEAIQKg",
    "achievement_type": "INCREMENTAL",
    "achievement_steps": 500,
    "achievement_state": "REVEALED",
    "achievement_order": 42,
    "achievement_points": 50,
    "achievement_description": {
      "de": "Done 500 sudoku",
      "en": "Done 500 sudoku",
      "es": "Done 500 sudoku",
      "fr": "Réussir 500 grilles de sudoku",
      "it": "Done 500 sudoku",
      "ko": "Done 500 sudoku",
      "pt": "Done 500 sudoku",
      "tr": "Done 500 sudoku",
      "af": "Done 500 sudoku",
      "ms": "Done 500 sudoku",
      "nl": "Done 500 sudoku",
      "ru": "Done 500 sudoku",
      "vn": "Done 500 sudoku",
      "zh": "Done 500 sudoku",
      "tw": "Done 500 sudoku",
      "ar": "Done 500 sudoku",
      "hi": "Done 500 sudoku",
      "id": "Done 500 sudoku",
      "ja": "Done 500 sudoku",
      "th": "Done 500 sudoku"
    }
  },
  "grid_5_perfect": {
    "achievement_code": "grid_5_perfect",
    "achievement_code_ios": "grid_5_perfect",
    "achievement_code_android": "CgkIjZLLuo4LEAIQKw",
    "achievement_type": "INCREMENTAL",
    "achievement_steps": 5,
    "achievement_state": "REVEALED",
    "achievement_order": 43,
    "achievement_points": 10,
    "achievement_description": {
      "de": "Done 5 perfect sudoku (no hint, no undo)",
      "en": "Done 5 perfect sudoku (no hint, no undo)",
      "es": "Done 5 perfect sudoku (no hint, no undo)",
      "fr": "Réussir 5 grilles de sudoku parfaites (sans astuce ni correction)",
      "it": "Done 5 perfect sudoku (no hint, no undo)",
      "ko": "Done 5 perfect sudoku (no hint, no undo)",
      "pt": "Done 5 perfect sudoku (no hint, no undo)",
      "tr": "Done 5 perfect sudoku (no hint, no undo)",
      "af": "Done 5 perfect sudoku (no hint, no undo)",
      "ms": "Done 5 perfect sudoku (no hint, no undo)",
      "nl": "Done 5 perfect sudoku (no hint, no undo)",
      "ru": "Done 5 perfect sudoku (no hint, no undo)",
      "vn": "Done 5 perfect sudoku (no hint, no undo)",
      "zh": "Done 5 perfect sudoku (no hint, no undo)",
      "tw": "Done 5 perfect sudoku (no hint, no undo)",
      "ar": "Done 5 perfect sudoku (no hint, no undo)",
      "hi": "Done 5 perfect sudoku (no hint, no undo)",
      "id": "Done 5 perfect sudoku (no hint, no undo)",
      "ja": "Done 5 perfect sudoku (no hint, no undo)",
      "th": "Done 5 perfect sudoku (no hint, no undo)"
    }
  },
  "grid_10_perfect": {
    "achievement_code": "grid_10_perfect",
    "achievement_code_ios": "grid_10_perfect",
    "achievement_code_android": "CgkIjZLLuo4LEAIQLA",
    "achievement_type": "INCREMENTAL",
    "achievement_steps": 10,
    "achievement_state": "REVEALED",
    "achievement_order": 44,
    "achievement_points": 15,
    "achievement_description": {
      "de": "Done 10 perfect sudoku (no hint, no undo)",
      "en": "Done 10 perfect sudoku (no hint, no undo)",
      "es": "Done 10 perfect sudoku (no hint, no undo)",
      "fr": "Réussir 10 grilles de sudoku parfaites (sans astuce ni correction)",
      "it": "Done 10 perfect sudoku (no hint, no undo)",
      "ko": "Done 10 perfect sudoku (no hint, no undo)",
      "pt": "Done 10 perfect sudoku (no hint, no undo)",
      "tr": "Done 10 perfect sudoku (no hint, no undo)",
      "af": "Done 10 perfect sudoku (no hint, no undo)",
      "ms": "Done 10 perfect sudoku (no hint, no undo)",
      "nl": "Done 10 perfect sudoku (no hint, no undo)",
      "ru": "Done 10 perfect sudoku (no hint, no undo)",
      "vn": "Done 10 perfect sudoku (no hint, no undo)",
      "zh": "Done 10 perfect sudoku (no hint, no undo)",
      "tw": "Done 10 perfect sudoku (no hint, no undo)",
      "ar": "Done 10 perfect sudoku (no hint, no undo)",
      "hi": "Done 10 perfect sudoku (no hint, no undo)",
      "id": "Done 10 perfect sudoku (no hint, no undo)",
      "ja": "Done 10 perfect sudoku (no hint, no undo)",
      "th": "Done 10 perfect sudoku (no hint, no undo)"
    }
  },
  "grid_25_perfect": {
    "achievement_code": "grid_25_perfect",
    "achievement_code_ios": "grid_25_perfect",
    "achievement_code_android": "CgkIjZLLuo4LEAIQLQ",
    "achievement_type": "INCREMENTAL",
    "achievement_steps": 25,
    "achievement_state": "REVEALED",
    "achievement_order": 45,
    "achievement_points": 20,
    "achievement_description": {
      "de": "Done 25 perfect sudoku (no hint, no undo)",
      "en": "Done 25 perfect sudoku (no hint, no undo)",
      "es": "Done 25 perfect sudoku (no hint, no undo)",
      "fr": "Réussir 25 grilles de sudoku parfaites (sans astuce ni correction)",
      "it": "Done 25 perfect sudoku (no hint, no undo)",
      "ko": "Done 25 perfect sudoku (no hint, no undo)",
      "pt": "Done 25 perfect sudoku (no hint, no undo)",
      "tr": "Done 25 perfect sudoku (no hint, no undo)",
      "af": "Done 25 perfect sudoku (no hint, no undo)",
      "ms": "Done 25 perfect sudoku (no hint, no undo)",
      "nl": "Done 25 perfect sudoku (no hint, no undo)",
      "ru": "Done 25 perfect sudoku (no hint, no undo)",
      "vn": "Done 25 perfect sudoku (no hint, no undo)",
      "zh": "Done 25 perfect sudoku (no hint, no undo)",
      "tw": "Done 25 perfect sudoku (no hint, no undo)",
      "ar": "Done 25 perfect sudoku (no hint, no undo)",
      "hi": "Done 25 perfect sudoku (no hint, no undo)",
      "id": "Done 25 perfect sudoku (no hint, no undo)",
      "ja": "Done 25 perfect sudoku (no hint, no undo)",
      "th": "Done 25 perfect sudoku (no hint, no undo)"
    }
  },
  "grid_50_perfect": {
    "achievement_code": "grid_50_perfect",
    "achievement_code_ios": "grid_50_perfect",
    "achievement_code_android": "CgkIjZLLuo4LEAIQLg",
    "achievement_type": "INCREMENTAL",
    "achievement_steps": 50,
    "achievement_state": "REVEALED",
    "achievement_order": 46,
    "achievement_points": 30,
    "achievement_description": {
      "de": "Done 50 perfect sudoku (no hint, no undo)",
      "en": "Done 50 perfect sudoku (no hint, no undo)",
      "es": "Done 50 perfect sudoku (no hint, no undo)",
      "fr": "Réussir 50 grilles de sudoku parfaites (sans astuce ni correction)",
      "it": "Done 50 perfect sudoku (no hint, no undo)",
      "ko": "Done 50 perfect sudoku (no hint, no undo)",
      "pt": "Done 50 perfect sudoku (no hint, no undo)",
      "tr": "Done 50 perfect sudoku (no hint, no undo)",
      "af": "Done 50 perfect sudoku (no hint, no undo)",
      "ms": "Done 50 perfect sudoku (no hint, no undo)",
      "nl": "Done 50 perfect sudoku (no hint, no undo)",
      "ru": "Done 50 perfect sudoku (no hint, no undo)",
      "vn": "Done 50 perfect sudoku (no hint, no undo)",
      "zh": "Done 50 perfect sudoku (no hint, no undo)",
      "tw": "Done 50 perfect sudoku (no hint, no undo)",
      "ar": "Done 50 perfect sudoku (no hint, no undo)",
      "hi": "Done 50 perfect sudoku (no hint, no undo)",
      "id": "Done 50 perfect sudoku (no hint, no undo)",
      "ja": "Done 50 perfect sudoku (no hint, no undo)",
      "th": "Done 50 perfect sudoku (no hint, no undo)"
    }
  },
  "grid_100_perfect": {
    "achievement_code": "grid_100_perfect",
    "achievement_code_ios": "grid_100_perfect",
    "achievement_code_android": "CgkIjZLLuo4LEAIQLw",
    "achievement_type": "INCREMENTAL",
    "achievement_steps": 100,
    "achievement_state": "REVEALED",
    "achievement_order": 47,
    "achievement_points": 40,
    "achievement_description": {
      "de": "Done 100 perfect sudoku (no hint, no undo)",
      "en": "Done 100 perfect sudoku (no hint, no undo)",
      "es": "Done 100 perfect sudoku (no hint, no undo)",
      "fr": "Réussir 100 grilles de sudoku parfaites (sans astuce ni correction)",
      "it": "Done 100 perfect sudoku (no hint, no undo)",
      "ko": "Done 100 perfect sudoku (no hint, no undo)",
      "pt": "Done 100 perfect sudoku (no hint, no undo)",
      "tr": "Done 100 perfect sudoku (no hint, no undo)",
      "af": "Done 100 perfect sudoku (no hint, no undo)",
      "ms": "Done 100 perfect sudoku (no hint, no undo)",
      "nl": "Done 100 perfect sudoku (no hint, no undo)",
      "ru": "Done 100 perfect sudoku (no hint, no undo)",
      "vn": "Done 100 perfect sudoku (no hint, no undo)",
      "zh": "Done 100 perfect sudoku (no hint, no undo)",
      "tw": "Done 100 perfect sudoku (no hint, no undo)",
      "ar": "Done 100 perfect sudoku (no hint, no undo)",
      "hi": "Done 100 perfect sudoku (no hint, no undo)",
      "id": "Done 100 perfect sudoku (no hint, no undo)",
      "ja": "Done 100 perfect sudoku (no hint, no undo)",
      "th": "Done 100 perfect sudoku (no hint, no undo)"
    }
  },
  "fast_easy_3": {
    "achievement_code": "fast_easy_3",
    "achievement_code_ios": "fast_easy_3",
    "achievement_code_android": "CgkIjZLLuo4LEAIQMA",
    "achievement_type": "INCREMENTAL",
    "achievement_steps": 3,
    "achievement_state": "REVEALED",
    "achievement_order": 48,
    "achievement_points": 10,
    "achievement_description": {
      "de": "Done 3 sudoku easy fast enough",
      "en": "Done 3 sudoku easy fast enough",
      "es": "Done 3 sudoku easy fast enough",
      "fr": "Réussir 3 grilles de sudoku en facile assez vite",
      "it": "Done 3 sudoku easy fast enough",
      "ko": "Done 3 sudoku easy fast enough",
      "pt": "Done 3 sudoku easy fast enough",
      "tr": "Done 3 sudoku easy fast enough",
      "af": "Done 3 sudoku easy fast enough",
      "ms": "Done 3 sudoku easy fast enough",
      "nl": "Done 3 sudoku easy fast enough",
      "ru": "Done 3 sudoku easy fast enough",
      "vn": "Done 3 sudoku easy fast enough",
      "zh": "Done 3 sudoku easy fast enough",
      "tw": "Done 3 sudoku easy fast enough",
      "ar": "Done 3 sudoku easy fast enough",
      "hi": "Done 3 sudoku easy fast enough",
      "id": "Done 3 sudoku easy fast enough",
      "ja": "Done 3 sudoku easy fast enough",
      "th": "Done 3 sudoku easy fast enough"
    }
  },
  "fast_medium_3": {
    "achievement_code": "fast_medium_3",
    "achievement_code_ios": "fast_medium_3",
    "achievement_code_android": "CgkIjZLLuo4LEAIQMQ",
    "achievement_type": "INCREMENTAL",
    "achievement_steps": 3,
    "achievement_state": "REVEALED",
    "achievement_order": 49,
    "achievement_points": 15,
    "achievement_description": {
      "de": "Done 3 sudoku medium fast enough",
      "en": "Done 3 sudoku medium fast enough",
      "es": "Done 3 sudoku medium fast enough",
      "fr": "Réussir 3 grilles de sudoku en moyen assez vite",
      "it": "Done 3 sudoku medium fast enough",
      "ko": "Done 3 sudoku medium fast enough",
      "pt": "Done 3 sudoku medium fast enough",
      "tr": "Done 3 sudoku medium fast enough",
      "af": "Done 3 sudoku medium fast enough",
      "ms": "Done 3 sudoku medium fast enough",
      "nl": "Done 3 sudoku medium fast enough",
      "ru": "Done 3 sudoku medium fast enough",
      "vn": "Done 3 sudoku medium fast enough",
      "zh": "Done 3 sudoku medium fast enough",
      "tw": "Done 3 sudoku medium fast enough",
      "ar": "Done 3 sudoku medium fast enough",
      "hi": "Done 3 sudoku medium fast enough",
      "id": "Done 3 sudoku medium fast enough",
      "ja": "Done 3 sudoku medium fast enough",
      "th": "Done 3 sudoku medium fast enough"
    }
  },
  "fast_hard_3": {
    "achievement_code": "fast_hard_3",
    "achievement_code_ios": "fast_hard_3",
    "achievement_code_android": "CgkIjZLLuo4LEAIQMg",
    "achievement_type": "INCREMENTAL",
    "achievement_steps": 3,
    "achievement_state": "REVEALED",
    "achievement_order": 50,
    "achievement_points": 20,
    "achievement_description": {
      "de": "Done 3 sudoku hard fast enough",
      "en": "Done 3 sudoku hard fast enough",
      "es": "Done 3 sudoku hard fast enough",
      "fr": "Réussir 3 grilles de sudoku en difficile assez vite",
      "it": "Done 3 sudoku hard fast enough",
      "ko": "Done 3 sudoku hard fast enough",
      "pt": "Done 3 sudoku hard fast enough",
      "tr": "Done 3 sudoku hard fast enough",
      "af": "Done 3 sudoku hard fast enough",
      "ms": "Done 3 sudoku hard fast enough",
      "nl": "Done 3 sudoku hard fast enough",
      "ru": "Done 3 sudoku hard fast enough",
      "vn": "Done 3 sudoku hard fast enough",
      "zh": "Done 3 sudoku hard fast enough",
      "tw": "Done 3 sudoku hard fast enough",
      "ar": "Done 3 sudoku hard fast enough",
      "hi": "Done 3 sudoku hard fast enough",
      "id": "Done 3 sudoku hard fast enough",
      "ja": "Done 3 sudoku hard fast enough",
      "th": "Done 3 sudoku hard fast enough"
    }
  },
  "fast_veryhard_3": {
    "achievement_code": "fast_veryhard_3",
    "achievement_code_ios": "fast_veryhard_3",
    "achievement_code_android": "CgkIjZLLuo4LEAIQMw",
    "achievement_type": "INCREMENTAL",
    "achievement_steps": 3,
    "achievement_state": "REVEALED",
    "achievement_order": 51,
    "achievement_points": 30,
    "achievement_description": {
      "de": "Done 3 sudoku very hard fast enough",
      "en": "Done 3 sudoku very hard fast enough",
      "es": "Done 3 sudoku very hard fast enough",
      "fr": "Réussir 3 grilles de sudoku en très difficile assez vite",
      "it": "Done 3 sudoku very hard fast enough",
      "ko": "Done 3 sudoku very hard fast enough",
      "pt": "Done 3 sudoku very hard fast enough",
      "tr": "Done 3 sudoku very hard fast enough",
      "af": "Done 3 sudoku very hard fast enough",
      "ms": "Done 3 sudoku very hard fast enough",
      "nl": "Done 3 sudoku very hard fast enough",
      "ru": "Done 3 sudoku very hard fast enough",
      "vn": "Done 3 sudoku very hard fast enough",
      "zh": "Done 3 sudoku very hard fast enough",
      "tw": "Done 3 sudoku very hard fast enough",
      "ar": "Done 3 sudoku very hard fast enough",
      "hi": "Done 3 sudoku very hard fast enough",
      "id": "Done 3 sudoku very hard fast enough",
      "ja": "Done 3 sudoku very hard fast enough",
      "th": "Done 3 sudoku very hard fast enough"
    }
  },
  "fast_insane_3": {
    "achievement_code": "fast_insane_3",
    "achievement_code_ios": "fast_insane_3",
    "achievement_code_android": "CgkIjZLLuo4LEAIQNA",
    "achievement_type": "INCREMENTAL",
    "achievement_steps": 3,
    "achievement_state": "REVEALED",
    "achievement_order": 52,
    "achievement_points": 40,
    "achievement_description": {
      "de": "Done 3 sudoku insane fast enough",
      "en": "Done 3 sudoku insane fast enough",
      "es": "Done 3 sudoku insane fast enough",
      "fr": "Réussir 3 grilles de sudoku en dément assez vite",
      "it": "Done 3 sudoku insane fast enough",
      "ko": "Done 3 sudoku insane fast enough",
      "pt": "Done 3 sudoku insane fast enough",
      "tr": "Done 3 sudoku insane fast enough",
      "af": "Done 3 sudoku insane fast enough",
      "ms": "Done 3 sudoku insane fast enough",
      "nl": "Done 3 sudoku insane fast enough",
      "ru": "Done 3 sudoku insane fast enough",
      "vn": "Done 3 sudoku insane fast enough",
      "zh": "Done 3 sudoku insane fast enough",
      "tw": "Done 3 sudoku insane fast enough",
      "ar": "Done 3 sudoku insane fast enough",
      "hi": "Done 3 sudoku insane fast enough",
      "id": "Done 3 sudoku insane fast enough",
      "ja": "Done 3 sudoku insane fast enough",
      "th": "Done 3 sudoku insane fast enough"
    }
  }
}
